# x_m, y_m, w_tr_right_m, w_tr_left_m,Timestamp
0.0,0.0,1.1,1.1,0.0
0.4107271211582439,-0.0608933713017566,1.1,1.1,0.02
0.8215009710665578,-0.1214749962709466,1.1,1.1,0.04
1.2323195577355863,-0.1817589018325322,1.1,1.1,0.06
1.6431806401773177,-0.2417589489123813,1.1,1.1,0.08
2.054082060403293,-0.3014891644354721,1.1,1.1,0.1
2.465021660425064,-0.3609633263281012,1.1,1.1,0.12
2.8759972822541635,-0.4201954615152628,1.1,1.1,0.14
3.2870067679021355,-0.4791994309228088,1.1,1.1,0.16
3.69804795938053,-0.5379890954765911,1.1,1.1,0.18
4.109118698700873,-0.596578565101143,1.1,1.1,0.2
4.520216827874723,-0.6549815347232221,1.1,1.1,0.22
4.93134027191317,-0.7132121142673616,1.1,1.1,0.24
5.342486706828654,-0.7712840816598743,1.1,1.1,0.26
5.753654057632256,-0.8292114638257064,1.1,1.1,0.28
6.164840166335535,-0.8870081216907577,1.1,1.1,0.3
6.576042957949574,-0.944687916180864,1.1,1.1,0.32
6.987260108486819,-1.002264874221004,1.1,1.1,0.34
7.398489542958368,-1.059752856737045,1.1,1.1,0.36
7.809729103375747,-1.1171657246548543,1.1,1.1,0.38
8.220976714750064,-1.1745173389002852,1.1,1.1,0.4
8.632231049088425,-1.2318157504302811,1.1,1.1,0.42
9.04349185739216,-1.2890639472288592,1.1,1.1,0.44
9.454758724663485,-1.3462645852818156,1.1,1.1,0.46
9.866031401903731,-1.4034204035744862,1.1,1.1,0.48
10.27730955711468,-1.460533975093128,1.1,1.1,0.5
10.688592941297667,-1.5176080388230926,1.1,1.1,0.52
11.099881139454896,-1.5746452507501445,1.1,1.1,0.54
11.511173902587718,-1.6316482668601118,1.1,1.1,0.56
11.922470898697892,-1.688619743138775,1.1,1.1,0.58
12.333771795787206,-1.745562418571486,1.1,1.1,0.6
12.745076344856978,-1.8024790321435955,1.1,1.1,0.62
13.156384130909448,-1.8593720738417745,1.1,1.1,0.64
13.567694904945927,-1.9162443656509447,1.1,1.1,0.66
13.979008334968205,-1.973098563556888,1.1,1.1,0.68
14.390324171977609,-2.029937240545844,1.1,1.1,0.7000000000000001
14.801642000976356,-2.086763218602736,1.1,1.1,0.72
15.212961572965783,-2.1435790707137734,1.1,1.1,0.74
15.624282555947664,-2.2003874528647684,1.1,1.1,0.76
16.035604700923326,-2.257191187040628,1.1,1.1,0.78
16.446927509895442,-2.313992763228038,1.1,1.1,0.8
16.85825089986444,-2.3707950034118728,1.1,1.1,0.8200000000000001
17.269574372833,-2.427600480578422,1.1,1.1,0.84
17.680897762802,-2.4844119337129893,1.1,1.1,0.86
18.09222065477368,-2.5412320188013866,1.1,1.1,0.88
18.50354271674978,-2.598063391829427,1.1,1.1,0.9
18.914863782731217,-2.654908791782429,1.1,1.1,0.92
19.326183354720644,-2.7117706256475245,1.1,1.1,0.9400000000000001
19.737501515717614,-2.768649474421615,1.1,1.1,0.96
20.14881826572214,-2.8255449231069245,1.1,1.1,0.98
20.560133521734645,-2.8824563077069967,1.1,1.1,1.0
20.97144744975426,-2.9393833792231656,1.1,1.1,1.02
21.38275996678142,-2.9963255566585456,1.1,1.1,1.04
21.79407115581568,-3.0532822590162185,1.1,1.1,1.06
22.205381016857046,-3.110253237297551,1.1,1.1,1.08
22.616689549905523,-3.16723782750607,1.1,1.1,1.1
23.0279969209602,-3.224235614644,1.1,1.1,1.12
23.43930296402199,-3.281246100714009,1.1,1.1,1.1400000000000001
23.850607762090437,-3.3382688707183235,1.1,1.1,1.16
24.2619113981651,-3.3953034266595945,1.1,1.1,1.18
24.673213955245533,-3.452349187540938,1.1,1.1,1.2
25.084515267332623,-3.5094058213641155,1.1,1.1,1.22
25.49581550042548,-3.5664727471322584,1.1,1.1,1.24
25.90711465452412,-3.623549466848004,1.1,1.1,1.26
26.318412729628527,-3.680635648513146,1.1,1.1,1.28
26.7297097257387,-3.737730711130784,1.1,1.1,1.3
27.14100580885377,-3.7948341567035873,1.1,1.1,1.32
27.55230081297459,-3.851945570233764,1.1,1.1,1.34
27.9635949041003,-3.909064370724443,1.1,1.1,1.36
28.374888082230907,-3.966190226177389,1.1,1.1,1.3800000000000001
28.78618026436682,-4.0233225555957,1.1,1.1,1.4000000000000001
29.1974716165072,-4.0804609439816,1.1,1.1,1.42
29.60876213865199,-4.137604810338202,1.1,1.1,1.44
30.02005174780168,-4.194753822667288,1.1,1.1,1.46
30.43134060995537,-4.251907399971953,1.1,1.1,1.48
30.842628642113493,-4.3090650442548695,1.1,1.1,1.5
31.253915927275603,-4.366226340518243,1.1,1.1,1.52
31.665202548441275,-4.423390873764315,1.1,1.1,1.54
32.07648842261093,-4.480557979996612,1.1,1.1,1.56
32.48777354978459,-4.53772732721693,1.1,1.1,1.58
32.89905809596137,-4.594898417427922,1.1,1.1,1.6
33.310341978141686,-4.652070669632701,1.1,1.1,1.62
33.7216252793251,-4.709243751833048,1.1,1.1,1.6400000000000001
34.13290799951164,-4.766417166031601,1.1,1.1,1.6600000000000001
34.544190138701296,-4.823590331231502,1.1,1.1,1.68
34.95547177989359,-4.880762832434948,1.1,1.1,1.7
35.36675292308856,-4.937934171644605,1.1,1.1,1.72
35.7780335682862,-4.995103933862715,1.1,1.1,1.74
36.18931371548649,-5.052271538092342,1.1,1.1,1.76
36.60059353068856,-5.109436569335745,1.1,1.1,1.78
37.011872847893294,-5.166598612595131,1.1,1.1,1.8
37.423151833099816,-5.223757086873614,1.1,1.1,1.82
37.834430486308094,-5.280911494173831,1.1,1.1,1.84
38.24570880751816,-5.338061419498023,1.1,1.1,1.86
38.65698679673,-5.395206447848413,1.1,1.1,1.8800000000000001
39.06826453694317,-5.4523459152285625,1.1,1.1,1.9000000000000001
39.479542028157645,-5.509479572639755,1.1,1.1,1.92
39.89081935337305,-5.5666067560856,1.1,1.1,1.94
40.30209642958978,-5.623727050568287,1.1,1.1,1.96
40.71337333980737,-5.6808399580904725,1.1,1.1,1.98
41.12465008402589,-5.737945063654394,1.1,1.1,2.0
41.53592666224525,-5.795042118261388,1.1,1.1,2.02
41.94720324046466,-5.852131370910103,1.1,1.1,2.04
42.35847981868403,-5.909213070599219,1.1,1.1,2.06
42.76975639690342,-5.9662877983256255,1.1,1.1,2.08
43.1810329751228,-6.023355720088429,1.1,1.1,2.1
43.59230971934132,-6.080417250885424,1.1,1.1,2.12
44.00358654655936,-6.137472722714815,1.1,1.1,2.14
44.41486362277608,-6.194522550574408,1.1,1.1,2.16
44.8261408649919,-6.251566983462852,1.1,1.1,2.18
45.23741843920596,-6.30860651937748,1.1,1.1,2.2
45.64869634541824,-6.365641407316971,1.1,1.1,2.22
46.05997466662831,-6.422672062279103,1.1,1.1,2.24
46.47125331983662,-6.479698733262556,1.1,1.1,2.2600000000000002
46.88253247104223,-6.536721918264647,1.1,1.1,2.2800000000000002
47.29381212024519,-6.593741866284054,1.1,1.1,2.3000000000000003
47.70509235044504,-6.650758909318983,1.1,1.1,2.32
48.11637307864223,-6.7077735453667975,1.1,1.1,2.34
48.52765455383542,-6.764786023426163,1.1,1.1,2.36
48.938936610025486,-6.821796675495283,1.1,1.1,2.38
49.35021941321159,-6.87880591657195,1.1,1.1,2.4
49.76150304639325,-6.935814078654399,1.1,1.1,2.42
50.17278742657089,-6.992821493740837,1.1,1.1,2.44
50.58407263674411,-7.049828576829054,1.1,1.1,2.46
50.99535884291199,-7.1068355769177,1.1,1.1,2.48
51.40664596207499,-7.163842992004137,1.1,1.1,2.5
51.81793399423313,-7.220851071087032,1.1,1.1,2.52
52.22922318838504,-7.277860146164588,1.1,1.1,2.54
52.640513378531615,-7.3348706322345985,1.1,1.1,2.56
53.05180464767242,-7.391882944294837,1.1,1.1,2.58
53.46309716180655,-7.448897248344431,1.1,1.1,2.6
53.874390837934506,-7.505914125380266,1.1,1.1,2.62
54.285685842055344,-7.562933741401437,1.1,1.1,2.64
54.6969820911695,-7.619956594405306,1.1,1.1,2.66
55.10827966827658,-7.676982933390523,1.1,1.1,2.68
55.5195786563761,-7.734013090355324,1.1,1.1,2.7
55.93087905546806,-7.79104756329704,1.1,1.1,2.72
56.342180948552055,-7.848086601214337,1.1,1.1,2.74
56.75348441862761,-7.905130536105435,1.1,1.1,2.7600000000000002
57.16478938269516,-7.962179782968142,1.1,1.1,2.7800000000000002
57.57609592375428,-8.019234673800646,1.1,1.1,2.8000000000000003
57.9874042078041,-8.076295540601183,1.1,1.1,2.82
58.398714151845006,-8.133362798367546,1.1,1.1,2.84
58.8100258388766,-8.19043677909794,1.1,1.1,2.86
59.22133926889888,-8.247517814790616,1.1,1.1,2.88
59.632654607910965,-8.304606237443764,1.1,1.1,2.9
60.043971772913245,-8.36170246205519,1.1,1.1,2.92
60.45529084690536,-8.418806820623116,1.1,1.1,2.94
60.86661191288676,-8.475919645145746,1.1,1.1,2.96
61.27793497085756,-8.533041267621332,1.1,1.1,2.98
61.68926002081768,-8.590172103047633,1.1,1.1,3.0
62.10058722876628,-8.647312483422889,1.1,1.1,3.02
62.511916594703294,-8.704462740745301,1.1,1.1,3.04
62.923248118628806,-8.761623290012679,1.1,1.1,3.06
63.33458188354231,-8.81879438022367,1.1,1.1,3.08
63.74591755744561,-8.875975513380945,1.1,1.1,3.1
64.15725431034316,-8.9331644484965,1.1,1.1,3.12
64.56859114624025,-8.990358612584076,1.1,1.1,3.14
64.97992698614266,-9.047555598656558,1.1,1.1,3.16
65.39126091705528,-9.104752750728167,1.1,1.1,3.18
65.802592025983,-9.161947744811313,1.1,1.1,3.2
66.21391923393159,-9.219137924920192,1.1,1.1,3.22
66.62524154490636,-9.276320884067696,1.1,1.1,3.24
67.0365580459122,-9.333494132267154,1.1,1.1,3.2600000000000002
67.4478676579549,-9.390655096532306,1.1,1.1,3.2800000000000002
67.85916955103887,-9.447801286876484,1.1,1.1,3.3000000000000003
68.27046256317038,-9.504930296312558,1.1,1.1,3.3200000000000003
68.6817458643538,-9.562039551854284,1.1,1.1,3.34
69.09301837559495,-9.619126480515424,1.1,1.1,3.36
69.50427910089914,-9.676188758308417,1.1,1.1,3.38
69.91552721027078,-9.733223729247475,1.1,1.1,3.4
70.32676154171614,-9.79022898634545,1.1,1.1,3.42
70.73798118224003,-9.847201956616122,1.1,1.1,3.44
71.14918513584787,-9.904140233072363,1.1,1.1,3.46
71.5603724895445,-9.961041159728374,1.1,1.1,3.48
71.97154216433569,-10.017902412596584,1.1,1.1,3.5
72.38269324722631,-10.07472141869075,1.1,1.1,3.52
72.79382465922211,-10.13149560502466,1.1,1.1,3.54
73.20493548732806,-10.188222564611154,1.1,1.1,3.56
73.61602481854895,-10.244899807463575,1.1,1.1,3.58
74.0270915738906,-10.30152476059567,1.1,1.1,3.6
74.43813475735834,-10.358095017020322,1.1,1.1,3.62
74.84915810393217,-10.414640456577716,1.1,1.1,3.64
75.26018078650957,-10.471295953546436,1.1,1.1,3.66
75.67122488297242,-10.52821721509368,1.1,1.1,3.68
76.08231247120267,-10.585560114385729,1.1,1.1,3.7
76.49346571208173,-10.643480358589752,1.1,1.1,3.72
76.90470676649113,-10.70213373787248,1.1,1.1,3.74
77.31605762931318,-10.7616761254002,1.1,1.1,3.7600000000000002
77.72754054442895,-10.822263311339633,1.1,1.1,3.7800000000000002
78.13917758972032,-10.884051085857545,1.1,1.1,3.8000000000000003
78.55099092606874,-10.947195156121056,1.1,1.1,3.8200000000000003
78.96300254835663,-11.011851395296503,1.1,1.1,3.84
79.37523470046499,-11.078175593550592,1.1,1.1,3.86
79.78770954327524,-11.146323541050055,1.1,1.1,3.88
80.19932575567803,-11.218124299011851,1.1,1.1,3.9
80.58141412901536,-11.336469216024543,1.1,1.1,3.92
80.8772240488272,-11.58320822130027,1.1,1.1,3.94
81.04039951605633,-11.955187580707316,1.1,1.1,3.96
81.0560851871589,-12.369566101335447,1.1,1.1,3.98
81.00757651161554,-12.789243064623994,1.1,1.1,4.0
80.96463287330668,-13.203039426365896,1.1,1.1,4.0200000000000005
80.92809099075696,-13.615285771398336,1.1,1.1,4.04
80.894705083327,-14.027923044339806,1.1,1.1,4.0600000000000005
80.86223582299418,-14.440872561611206,1.1,1.1,4.08
80.82845350968448,-14.854035885739023,1.1,1.1,4.1
80.7911285263233,-15.267314745248871,1.1,1.1,4.12
80.7480311728366,-15.68061086866638,1.1,1.1,4.14
80.69700113677916,-16.093826316515415,1.1,1.1,4.16
80.639815687645,-16.506882073218573,1.1,1.1,4.18
80.58422872696099,-16.919727509046663,1.1,1.1,4.2
80.53849373058219,-17.332314401257605,1.1,1.1,4.22
80.51086425736298,-17.74459477610802,1.1,1.1,4.24
80.50959370015876,-18.15652032785627,1.1,1.1,4.26
80.54293561782401,-18.56804299975937,1.1,1.1,4.28
80.62254182003711,-18.976141026979764,1.1,1.1,4.3
80.82065188341275,-19.32390916688451,1.1,1.1,4.32
81.16008304990918,-19.558105694245757,1.1,1.1,4.34
81.54907682031184,-19.72501838248571,1.1,1.1,4.36
81.92869869584162,-19.889568571361885,1.1,1.1,4.38
82.29947232069776,-20.070876785605,1.1,1.1,4.4
82.67284283566394,-20.257605119857704,1.1,1.1,4.42
83.05232203495684,-20.420866906625115,1.1,1.1,4.44
83.43160909027746,-20.588426576404565,1.1,1.1,4.46
83.79213650293715,-20.811568807891547,1.1,1.1,4.48
84.05380546835751,-21.107479904162243,1.1,1.1,4.5
84.15429469087435,-21.469894394728552,1.1,1.1,4.5200000000000005
84.13976943656505,-21.875740809992063,1.1,1.1,4.54
84.0717023306332,-22.299593978943477,1.1,1.1,4.5600000000000005
84.00125313744232,-22.72042662805064,1.1,1.1,4.58
83.93731193944238,-23.13523873835964,1.1,1.1,4.6000000000000005
83.87794019900193,-23.545648054217736,1.1,1.1,4.62
83.8211997104878,-23.953272402971663,1.1,1.1,4.64
83.76515201926811,-24.3597296949678,1.1,1.1,4.66
83.70785867071105,-24.76663767455335,1.1,1.1,4.68
83.64738079518693,-25.17560902310265,1.1,1.1,4.7
83.58166880165837,-25.5871082061314,1.1,1.1,4.72
83.50842534541309,-25.99903035489784,1.1,1.1,4.74
83.42531930091948,-26.40892167052653,1.1,1.1,4.76
83.3301471129636,-26.81444405552316,1.1,1.1,4.78
83.22259089324578,-27.21497202523326,1.1,1.1,4.8
83.10377329376134,-27.61118775300807,1.1,1.1,4.82
82.97489648008022,-28.003823460931223,1.1,1.1,4.84
82.83878027912014,-28.39423229076522,1.1,1.1,4.86
82.70031104074573,-28.784561192026707,1.1,1.1,4.88
82.56450957410225,-29.177008739956268,1.1,1.1,4.9
82.43539197870902,-29.573294021359068,1.1,1.1,4.92
82.30978443454168,-29.971706498384226,1.1,1.1,4.94
82.1813806353306,-30.369041309173458,1.1,1.1,4.96
82.04413779839655,-30.76222688915552,1.1,1.1,4.98
81.89593752607013,-31.150170051177525,1.1,1.1,5.0
81.73757702908736,-31.533248028221777,1.1,1.1,5.0200000000000005
81.56992307181224,-31.91187274708503,1.1,1.1,5.04
81.39384233560908,-32.28645630056311,1.1,1.1,5.0600000000000005
81.21020150184236,-32.65741078145189,1.1,1.1,5.08
81.01986716887694,-33.02514819954764,1.1,1.1,5.1000000000000005
80.8237061010768,-33.390080647646265,1.1,1.1,5.12
80.62258497980626,-33.752620135544,1.1,1.1,5.14
80.41737032043072,-34.1131786730372,1.1,1.1,5.16
80.20892888731412,-34.472168352921685,1.1,1.1,5.18
79.99812736182082,-34.830001184993755,1.1,1.1,5.2
79.78583242531533,-35.18708926204928,1.1,1.1,5.22
79.57289947122234,-35.54383928191295,1.1,1.1,5.24
79.35981039496441,-35.90048082135686,1.1,1.1,5.26
79.14659549137949,-36.25702906929976,1.1,1.1,5.28
78.93325824644894,-36.613486681727416,1.1,1.1,5.3
78.719801980155,-36.96985614862653,1.1,1.1,5.32
78.50623017847902,-37.326139959983806,1.1,1.1,5.34
78.29254607840365,-37.68234085478456,1.1,1.1,5.36
78.07875316591029,-38.03846107401683,1.1,1.1,5.38
77.86485476098119,-38.39450343966552,1.1,1.1,5.4
77.65085434959771,-38.750470275718186,1.1,1.1,5.42
77.43675525174206,-39.106364238160616,1.1,1.1,5.44
77.22256087039601,-39.46218781697952,1.1,1.1,5.46
77.00827460854144,-39.81794358516111,1.1,1.1,5.48
76.79389978616055,-40.17363403269208,1.1,1.1,5.5
76.57943988923465,-40.52926173255868,1.1,1.1,5.5200000000000005
76.36489815474651,-40.88482925774712,1.1,1.1,5.54
76.150278151677,-41.24033901524455,1.1,1.1,5.5600000000000005
75.93558320000835,-41.59579366103675,1.1,1.1,5.58
75.72081661972283,-41.95119568511039,1.1,1.1,5.6000000000000005
75.50598181380225,-42.30654766045174,1.1,1.1,5.62
75.2910822682279,-42.66185207704746,1.1,1.1,5.64
75.07612121998254,-43.01711150788381,1.1,1.1,5.66
74.86110223804702,-43.37232844294743,1.1,1.1,5.68
74.64602855940407,-43.727505538224165,1.1,1.1,5.7
74.43090358703546,-44.08264520070109,1.1,1.1,5.72
74.21573080692255,-44.43775000336449,1.1,1.1,5.74
74.00051345604805,-44.79282243620101,1.1,1.1,5.76
73.78525502039332,-45.14786515519648,1.1,1.1,5.78
73.5699589029401,-45.50288065033754,1.1,1.1,5.8
73.35462850667027,-45.8578714116109,1.1,1.1,5.82
73.13926706856641,-46.21284001200279,1.1,1.1,5.84
72.92387815760952,-46.56778902449946,1.1,1.1,5.86
72.70846501078229,-46.92272093908756,1.1,1.1,5.88
72.493031114066,-47.27763832875337,1.1,1.1,5.9
72.27757987044254,-47.632543600483984,1.1,1.1,5.92
72.06211451689451,-47.98743949326476,1.1,1.1,5.94
71.84663862240288,-48.34232841408284,1.1,1.1,5.96
71.63115542395028,-48.69721293592443,1.1,1.1,5.98
71.41566840751815,-49.05209554877625,1.1,1.1,6.0
71.20018097608822,-49.40697890862406,1.1,1.1,6.0200000000000005
70.98469644964275,-49.76186542245501,1.1,1.1,6.04
70.76921823116353,-50.11675774625488,1.1,1.1,6.0600000000000005
70.55374964063282,-50.4716582870108,1.1,1.1,6.08
70.33829416403198,-50.82656970070856,1.1,1.1,6.1000000000000005
70.1228552043428,-51.18149439433529,1.1,1.1,6.12
69.90743608154752,-51.53643502387679,1.1,1.1,6.140000000000001
69.69204019862792,-51.89139416231929,1.1,1.1,6.16
69.47667095856582,-52.24637413365036,1.1,1.1,6.18
69.26133176434303,-52.60137775985491,1.1,1.1,6.2
69.04602593594176,-52.95640736492052,1.1,1.1,6.22
68.83075687634384,-53.3114655218334,1.1,1.1,6.24
68.61552798853103,-53.6665548035798,1.1,1.1,6.26
68.40034275848473,-54.021677783145975,1.1,1.1,6.28
68.18520442318761,-54.37683695051859,1.1,1.1,6.3
67.97011223564364,-54.73203205669898,1.1,1.1,6.32
67.75504187698292,-55.08724766376972,1.1,1.1,6.34
67.53996064538039,-55.44246244084488,1.1,1.1,6.36
67.32483559001223,-55.79765538903682,1.1,1.1,6.38
67.10963409205291,-56.152805260459154,1.1,1.1,6.4
66.89432328367829,-56.5078910562242,1.1,1.1,6.42
66.6788705460628,-56.86289152844562,1.1,1.1,6.44
66.46324292838267,-57.21778567823573,1.1,1.1,6.46
66.24740772881285,-57.57255225770816,1.1,1.1,6.48
66.0313322455282,-57.92717026797524,1.1,1.1,6.5
65.81498369370414,-58.28161837815106,1.1,1.1,6.5200000000000005
65.59832920551638,-58.635875672347495,1.1,1.1,6.54
65.38133607913991,-58.98992090267819,1.1,1.1,6.5600000000000005
65.16397152975006,-59.343732904256335,1.1,1.1,6.58
64.94620285552172,-59.69729067819426,1.1,1.1,6.6000000000000005
64.72799718863072,-60.05057297660562,1.1,1.1,6.62
64.50932182725197,-60.40355871760317,1.1,1.1,6.640000000000001
64.2901439865608,-60.75622681929965,1.1,1.1,6.66
64.07043088173258,-61.108556033808725,1.1,1.1,6.68
63.85014981094222,-61.46052536224273,1.1,1.1,6.7
63.629267906365534,-61.81211363971482,1.1,1.1,6.72
63.40775238317783,-62.163299701338254,1.1,1.1,6.74
63.18557062255361,-62.51406238222621,1.1,1.1,6.76
62.962689673669146,-62.86438060049143,1.1,1.1,6.78
62.739076917698846,-63.2142332742467,1.1,1.1,6.8
62.51469956981811,-63.56359923860521,1.1,1.1,6.82
62.289524762202696,-63.91245724568061,1.1,1.1,6.84
62.06350950108261,-64.26077799662963,1.1,1.1,6.86
61.83650803923737,-64.60844803105911,1.1,1.1,6.88
61.60831611475952,-64.95530624683074,1.1,1.1,6.9
61.37872838674735,-65.30119079481018,1.1,1.1,6.92
61.14753984629739,-65.64593990886267,1.1,1.1,6.94
60.914545152507934,-65.9893917398539,1.1,1.1,6.96
60.67953937947508,-66.3313845216491,1.1,1.1,6.98
60.44246276751846,-66.67186679452352,1.1,1.1,7.0
60.20400213796446,-67.0113528237265,1.1,1.1,7.0200000000000005
59.96508252086542,-67.35053756454097,1.1,1.1,7.04
59.72662911227281,-67.69011613824895,1.1,1.1,7.0600000000000005
59.48956702523849,-68.0307834171338,1.1,1.1,7.08
59.254821538813445,-68.37323460547715,1.1,1.1,7.1000000000000005
59.02331718505267,-68.71816416056453,1.1,1.1,7.12
58.79555835225834,-69.06590574061133,1.1,1.1,7.140000000000001
58.57088760094692,-69.41579518316993,1.1,1.1,7.16
58.34844829270025,-69.76699734670726,1.1,1.1,7.18
58.12738403809888,-70.11867708969012,1.1,1.1,7.2
57.906838198724685,-70.46999935358504,1.1,1.1,7.22
57.685954385158176,-70.82012891385934,1.1,1.1,7.24
57.46465524181316,-71.16855034326986,1.1,1.1,7.26
57.290139711238254,-71.53413765786581,1.1,1.1,7.28
57.27154805967877,-71.95355068256607,1.1,1.1,7.3
57.41829417978295,-72.35321172191307,1.1,1.1,7.32
57.68230862965812,-72.64929047728701,1.1,1.1,7.34
58.01364177846811,-72.88521696439531,1.1,1.1,7.36
58.372392336631584,-73.1011402264941,1.1,1.1,7.38
58.73207348581763,-73.31454719105174,1.1,1.1,7.4
59.08723663716894,-73.53041152346576,1.1,1.1,7.42
59.43812340239319,-73.75044782856531,1.1,1.1,7.44
59.78496344126202,-73.97636647820214,1.1,1.1,7.46
60.12744625243624,-74.20968138427888,1.1,1.1,7.48
60.46450761560795,-74.45163330715911,1.1,1.1,7.5
60.79503201674365,-74.70343785834095,1.1,1.1,7.5200000000000005
61.119223219753536,-74.96496506051956,1.1,1.1,7.54
61.44026251462192,-75.23295693212083,1.1,1.1,7.5600000000000005
61.71629546621414,-75.52480702611246,1.1,1.1,7.58
61.80658329629479,-75.90072728744094,1.1,1.1,7.6000000000000005
61.69318764281015,-76.31518291465666,1.1,1.1,7.62
61.46253478149503,-76.66366177975996,1.1,1.1,7.640000000000001
61.179210235903085,-76.96358756455746,1.1,1.1,7.66
60.8782885394324,-77.24458430460002,1.1,1.1,7.68
60.56455868346829,-77.51160184441267,1.1,1.1,7.7
60.24080007414463,-77.76795286227697,1.1,1.1,7.72
59.90979211759527,-78.01694970447629,1.1,1.1,7.74
59.57431430295369,-78.26190521529134,1.1,1.1,7.76
59.23714603635379,-78.50613174100548,1.1,1.1,7.78
58.90094654057224,-78.75277214280861,1.1,1.1,7.8
58.56664001566583,-79.00251506801737,1.1,1.1,7.82
58.233845991669554,-79.2542036688194,1.1,1.1,7.84
57.90215204378934,-79.50663644364106,1.1,1.1,7.86
57.57114591323024,-79.75861147591104,1.1,1.1,7.88
57.24041517519813,-80.00892726405576,1.1,1.1,7.9
56.90954806889543,-80.25638720347544,1.1,1.1,7.92
56.57824637691717,-80.50071664863911,1.1,1.1,7.94
56.246453576565685,-80.74361061648067,1.1,1.1,7.96
55.91414468497462,-80.98701718958047,1.1,1.1,7.98
55.581294387279314,-81.23288478251708,1.1,1.1,8.0
55.24787770061347,-81.48316180986913,1.1,1.1,8.02
54.91386931011246,-81.73979652021605,1.1,1.1,8.040000000000001
54.5791521864022,-82.00429319751194,1.1,1.1,8.06
54.24046784991121,-82.262985964851,1.1,1.1,8.08
53.89071045964631,-82.48363148669205,1.1,1.1,8.1
53.5225397838679,-82.63285240455934,1.1,1.1,8.120000000000001
53.13126194868194,-82.68160833578021,1.1,1.1,8.14
52.729785294046046,-82.62970282040541,1.1,1.1,8.16
52.33820152249644,-82.48871031252709,1.1,1.1,8.18
51.97646065632711,-82.27034213250533,1.1,1.1,8.2
51.66249250863755,-81.98757384993814,1.1,1.1,8.22
51.41286105183258,-81.65423601285052,1.1,1.1,8.24
51.244103117462224,-81.28417527118144,1.1,1.1,8.26
51.16400813086346,-80.89010225994593,1.1,1.1,8.28
51.150684295128194,-80.48087402777064,1.1,1.1,8.3
51.1759501899894,-80.0645310736496,1.1,1.1,8.32
51.214550627528574,-79.64820969941314,1.1,1.1,8.34
51.25883819464922,-79.23360707998364,1.1,1.1,8.36
51.30771987019752,-78.82039520111553,1.1,1.1,8.38
51.3601137549602,-78.40824297757968,1.1,1.1,8.4
51.4149380327235,-77.99681907514828,1.1,1.1,8.42
51.471110721274606,-77.58579232559266,1.1,1.1,8.44
51.527569177297245,-77.17483728765345,1.1,1.1,8.46
51.58375705476711,-76.76378439323766,1.1,1.1,8.48
51.63966273374637,-76.35263181635501,1.1,1.1,8.5
51.695301652152445,-75.94138586497183,1.1,1.1,8.52
51.75068916490319,-75.53005284705432,1.1,1.1,8.540000000000001
51.80584079291562,-75.11863907056876,1.1,1.1,8.56
51.86077172510845,-74.70715092648096,1.1,1.1,8.58
51.915497399399165,-74.29559480575676,1.1,1.1,8.6
51.97003325370513,-73.88397701636242,1.1,1.1,8.620000000000001
52.02439464294429,-73.47230386626416,1.1,1.1,8.64
52.07859700503401,-73.06058174642784,1.1,1.1,8.66
52.132655611892645,-72.64881704781924,1.1,1.1,8.68
52.1865859014376,-72.23701591240554,1.1,1.1,8.700000000000001
52.240403311586284,-71.82518489715164,1.1,1.1,8.72
52.29412319725663,-71.41333031002382,1.1,1.1,8.74
52.34776083036691,-71.00145837598882,1.1,1.1,8.76
52.40133181483365,-70.58957556901194,1.1,1.1,8.78
52.45485133957564,-70.17768819705948,1.1,1.1,8.8
52.50833484251032,-69.76580256809771,1.1,1.1,8.82
52.56179776155506,-69.35392507309243,1.1,1.1,8.84
52.61525536862825,-68.9420620200099,1.1,1.1,8.86
52.66872318464681,-68.53021971681639,1.1,1.1,8.88
52.72221656452864,-68.11840463747725,1.1,1.1,8.9
52.77575078019206,-67.70662300695925,1.1,1.1,8.92
52.829341352554046,-67.2948812162281,1.1,1.1,8.94
52.883003553532895,-66.88318557325017,1.1,1.1,8.96
52.9367528210461,-66.4715424689912,1.1,1.1,8.98
52.9906044270119,-66.05995812841795,1.1,1.1,9.0
53.04456044641922,-65.64842989554457,1.1,1.1,9.02
53.09860095937462,-65.23694009146566,1.1,1.1,9.040000000000001
53.1527038879962,-64.82546962628331,1.1,1.1,9.06
53.20684707140243,-64.41399932710007,1.1,1.1,9.08
53.26100843171146,-64.00250993801895,1.1,1.1,9.1
53.31516589104137,-63.59098253514113,1.1,1.1,9.120000000000001
53.36929728851065,-63.17939786256963,1.1,1.1,9.14
53.42338054623744,-62.76773683040658,1.1,1.1,9.16
53.47739366933934,-62.35598018275493,1.1,1.1,9.18
53.531314330935786,-61.94410891271633,1.1,1.1,9.200000000000001
53.58512061914397,-61.53210384739339,1.1,1.1,9.22
53.63879037308246,-61.11994589688817,1.1,1.1,9.24
53.69230151486928,-60.70761580530367,1.1,1.1,9.26
53.74563561860301,-60.29510925666298,1.1,1.1,9.28
53.79881169118203,-59.882566603215416,1.1,1.1,9.3
53.85186957239321,-59.47021044977031,1.1,1.1,9.32
53.904849600020775,-59.058264314132174,1.1,1.1,9.34
53.95779202884947,-58.64695196310413,1.1,1.1,9.36
54.01073694766484,-58.236496831491095,1.1,1.1,9.38
54.06372469425114,-57.82712260309668,1.1,1.1,9.4
54.116614252362616,-57.41861414307156,1.1,1.1,9.42
54.16834389167811,-57.00852910647902,1.1,1.1,9.44
54.21756071943378,-56.59372031615225,1.1,1.1,9.46
54.26120545499272,-56.172004717767685,1.1,1.1,9.48
54.28001224140153,-55.75036157799557,1.1,1.1,9.5
54.24575849061335,-55.34083388342199,1.1,1.1,9.52
54.131340448597136,-54.955244671809496,1.1,1.1,9.540000000000001
53.93396742127931,-54.59994033821332,1.1,1.1,9.56
53.67332142538741,-54.276204968765335,1.1,1.1,9.58
53.36992866613364,-53.98513266361357,1.1,1.1,9.6
53.04238004808145,-53.72626609520412,1.1,1.1,9.620000000000001
52.69995234861246,-53.49168212591516,1.1,1.1,9.64
52.34912376607701,-53.27121455512233,1.1,1.1,9.66
51.99594222912672,-53.055337191778015,1.1,1.1,9.68
51.64260963298439,-52.84025023320609,1.1,1.1,9.700000000000001
51.28930392869822,-52.62516783960975,1.1,1.1,9.72
50.936184807414094,-52.40933098004879,1.1,1.1,9.74
50.5834120432774,-52.19198078958214,1.1,1.1,9.76
50.23114541043359,-51.9723584032687,1.1,1.1,9.78
49.87954460002852,-51.74970487316782,1.1,1.1,9.8
49.5291642150958,-51.52304213251088,1.1,1.1,9.82
49.1824000378212,-51.2903703069945,1.1,1.1,9.84
48.84218377852398,-51.04939188590735,1.1,1.1,9.86
48.511447479521614,-50.797809275538434,1.1,1.1,9.88
48.19312310013208,-50.5333249651764,1.1,1.1,9.9
47.89014251667369,-50.25364136111028,1.1,1.1,9.92
47.60543528147731,-49.95646394061273,1.1,1.1,9.94
47.340931881217365,-49.64065984274304,1.1,1.1,9.96
47.09604509403473,-49.30802550989264,1.1,1.1,9.98
46.86979710215944,-48.9608113920246,1.1,1.1,10.0
46.66121008782149,-48.60126810510119,1.1,1.1,10.02
46.46930615025135,-48.23164626508456,1.1,1.1,10.040000000000001
46.29310763767817,-47.8541964049374,1.1,1.1,10.06
46.13122638252676,-47.47120001645675,1.1,1.1,10.08
45.97887438940652,-47.08519489406881,1.1,1.1,10.1
45.82958217492055,-46.69884532352322,1.1,1.1,10.120000000000001
45.67686846973499,-46.31481675256338,1.1,1.1,10.14
45.51425183851687,-45.93577446293358,1.1,1.1,10.16
45.33525109493186,-45.56438373637813,1.1,1.1,10.18
45.13338480364702,-45.20330993764091,1.1,1.1,10.200000000000001
44.90368187225104,-44.85535156275367,1.1,1.1,10.22
44.64772020530424,-44.52388478465841,1.1,1.1,10.24
44.36885215487601,-44.21244214746073,1.1,1.1,10.26
44.07045488990298,-43.92442422597208,1.1,1.1,10.28
43.7569949484952,-43.65744129697431,1.1,1.1,10.3
43.43442895979258,-43.4011811636239,1.1,1.1,10.32
43.1088071764344,-43.14478922697846,1.1,1.1,10.34
42.7824486890166,-42.88521658134557,1.1,1.1,10.36
42.4489604567334,-42.63764110654384,1.1,1.1,10.38
42.10070784841994,-42.41983782150063,1.1,1.1,10.4
41.73058170310068,-42.24847594205791,1.1,1.1,10.42
41.33965138705596,-42.12300559615675,1.1,1.1,10.44
40.93544993999406,-42.02926838752566,1.1,1.1,10.46
40.52561025008924,-41.952870284153526,1.1,1.1,10.48
40.11467048406836,-41.88489132375021,1.1,1.1,10.5
39.70307717954303,-41.82364960331165,1.1,1.1,10.52
39.290995920627616,-41.76795988917728,1.1,1.1,10.540000000000001
38.87859237443602,-41.7166371136856,1.1,1.1,10.56
38.46603229108168,-41.66849604317606,1.1,1.1,10.58
38.053481254678914,-41.622351526987615,1.1,1.1,10.6
37.64106666954636,-41.57721686639778,1.1,1.1,10.620000000000001
37.22876263982248,-41.53290000043387,1.1,1.1,10.64
36.81650500685041,-41.48940723706208,1.1,1.1,10.66
36.4042295289738,-41.44674496724826,1.1,1.1,10.68
35.991872047535814,-41.40491949895868,1.1,1.1,10.700000000000001
35.57936832088003,-41.36393722315915,1.1,1.1,10.72
35.16665435634875,-41.32380453081547,1.1,1.1,10.74
34.753665746286444,-41.284527812893465,1.1,1.1,10.76
34.34033841503586,-41.24611337735941,1.1,1.1,10.78
33.926608203940134,-41.20856761517912,1.1,1.1,10.8
33.51241087134289,-41.17189700031795,1.1,1.1,10.82
33.09768225858727,-41.13610775774261,1.1,1.1,10.84
32.682358124016915,-41.10120627841893,1.1,1.1,10.86
32.26639373087107,-41.06713803163857,1.1,1.1,10.88
31.850437222683063,-41.03166095039359,1.1,1.1,10.9
31.43600458634437,-40.9897943143242,1.1,1.1,10.92
31.02466683745217,-40.93638401699798,1.1,1.1,10.94
30.61799474260495,-40.86627628398077,1.1,1.1,10.96
30.217559317399868,-40.77431700884011,1.1,1.1,10.98
29.824931328435422,-40.655352251142745,1.1,1.1,11.0
29.441890950190064,-40.50437116169,1.1,1.1,11.02
29.073093710762933,-40.31832939976505,1.1,1.1,11.040000000000001
28.72528548207261,-40.09561212600512,1.1,1.1,11.06
28.405259030786883,-39.83463678787477,1.1,1.1,11.08
28.118860347637472,-39.53540429836909,1.1,1.1,11.1
27.86844886100461,-39.20374545930109,1.1,1.1,11.120000000000001
27.655582306556497,-38.84683234530975,1.1,1.1,11.14
27.48056919364299,-38.47165650699961,1.1,1.1,11.16
27.335455342808363,-38.08401637635679,1.1,1.1,11.18
27.20893032154829,-37.68922583395912,1.1,1.1,11.200000000000001
27.08970511124401,-37.292580334483006,1.1,1.1,11.22
26.970696031783703,-36.897057238003526,1.1,1.1,11.24
26.85324842297161,-36.50098858544203,1.1,1.1,11.26
26.73971324723322,-36.10215206368495,1.1,1.1,11.28
26.630820734662777,-35.699429170714765,1.1,1.1,11.3
26.521582030944,-35.295595494685806,1.1,1.1,11.32
26.40574735250489,-34.89428550315847,1.1,1.1,11.34
26.277066915773432,-34.49913349769415,1.1,1.1,11.36
26.129291186176296,-34.113773862853726,1.1,1.1,11.38
25.956170214142364,-33.74184090019853,1.1,1.1,11.4
25.75149264489411,-33.38695056838799,1.1,1.1,11.42
25.5136155852188,-33.05051917184681,1.1,1.1,11.44
25.249731859644427,-32.729709204751835,1.1,1.1,11.46
24.96804423129717,-32.42119661788229,1.1,1.1,11.48
24.676201358266923,-32.12210099464456,1.1,1.1,11.5
24.37520853117669,-31.834854886027763,1.1,1.1,11.52
24.061689494084977,-31.56539516727751,1.1,1.1,11.540000000000001
23.73229944788197,-31.31954201626364,1.1,1.1,11.56
23.38670988032477,-31.098155474386083,1.1,1.1,11.58
23.027926288337994,-30.896614043363677,1.1,1.1,11.6
22.65912664192373,-30.71001278143129,1.1,1.1,11.620000000000001
22.283488828084543,-30.53344666382428,1.1,1.1,11.64
21.90419065082341,-30.362010665778005,1.1,1.1,11.66
21.52440991414332,-30.190800011526434,1.1,1.1,11.68
21.14666308158455,-30.01593306083116,1.1,1.1,11.700000000000001
20.771314853196465,-29.836857949643928,1.1,1.1,11.72
20.398293019365266,-29.653698762301048,1.1,1.1,11.74
20.02752512147852,-29.4665798321375,1.1,1.1,11.76
19.65893903292202,-29.27562540948873,1.1,1.1,11.78
19.2924622950833,-29.08095949569149,1.1,1.1,11.8
18.928022615349036,-28.88270650708028,1.1,1.1,11.82
18.56554786710501,-28.68099061099104,1.1,1.1,11.84
18.20496550873923,-28.47593597475957,1.1,1.1,11.86
17.846203496637024,-28.267666931720907,1.1,1.1,11.88
17.4891892891864,-28.056307566211327,1.1,1.1,11.9
17.133850759773136,-27.8419821285663,1.1,1.1,11.92
16.78011544978478,-27.62481486912119,1.1,1.1,11.94
16.427840765984037,-27.405058936522053,1.1,1.1,11.96
16.0751302515144,-27.18617723824692,1.1,1.1,11.98
15.718256479312638,-26.97498428684726,1.1,1.1,12.0
15.353406034775414,-26.77845163003457,1.1,1.1,12.02
14.97783345858728,-26.601755369123676,1.1,1.1,12.040000000000001
14.59478428238898,-26.439998032309475,1.1,1.1,12.06
14.209591725654905,-26.28477151556411,1.1,1.1,12.08
13.827511569273646,-26.12678601057564,1.1,1.1,12.1
13.452948516685916,-25.94741824295372,1.1,1.1,12.120000000000001
13.08486656743293,-25.74224973133136,1.1,1.1,12.14
12.707769704397696,-25.56524687006036,1.1,1.1,12.16
12.315030662027247,-25.440747203967348,1.1,1.1,12.18
11.911878744351776,-25.35150998226735,1.1,1.1,12.200000000000001
11.504046730708568,-25.278523824645852,1.1,1.1,12.22
11.09528902301659,-25.2093192927977,1.1,1.1,12.24
10.685988166229732,-25.142574867791268,1.1,1.1,12.26
10.276197861060776,-25.07805624187979,1.1,1.1,12.280000000000001
9.865971891222031,-25.015529107316475,1.1,1.1,12.3
9.455364040425849,-24.95475932235369,1.1,1.1,12.32
9.044428092384544,-24.895512496245114,1.1,1.1,12.34
8.633217664811346,-24.83755448724309,1.1,1.1,12.36
8.221786707417685,-24.780651070600403,1.1,1.1,12.38
7.810188754917224,-24.724567772571163,1.1,1.1,12.4
7.398477757021402,-24.66907053440729,1.1,1.1,12.42
6.986707331443438,-24.613925048362027,1.1,1.1,12.44
6.574931261895669,-24.55889700668857,1.1,1.1,12.46
6.163203332090407,-24.50375218463975,1.1,1.1,12.48
5.751573258761756,-24.44827279138044,1.1,1.1,12.5
5.340051582853314,-24.392404130203182,1.1,1.1,12.52
4.92862618642991,-24.33618454690291,1.1,1.1,12.540000000000001
4.517284785557234,-24.27965371526738,1.1,1.1,12.56
4.106015096301003,-24.2228509770862,1.1,1.1,12.58
3.6948048347269142,-24.165816006147157,1.1,1.1,12.6
3.2836417169006644,-24.108588227239363,1.1,1.1,12.620000000000001
2.8725134588879637,-24.051207148151537,1.1,1.1,12.64
2.4614076937549605,-23.993712276672323,1.1,1.1,12.66
2.050312137567352,-23.936143203590017,1.1,1.1,12.68
1.6392145063908403,-23.87853935369371,1.1,1.1,12.700000000000001
1.228102599290677,-23.820940317771647,1.1,1.1,12.72
0.8169640493330275,-23.763385520612985,1.1,1.1,12.74
0.4057869045818068,-23.70591347401171,1.1,1.1,12.76
-0.005432735942116,-23.648539615885245,1.1,1.1,12.780000000000001
-0.4166913862573931,-23.591257970265577,1.1,1.1,12.8
-0.8279852283844404,-23.53406198018776,1.1,1.1,12.82
-1.2393104443436735,-23.47694475668864,1.1,1.1,12.84
-1.650663382154642,-23.419899659803757,1.1,1.1,12.86
-2.0620401408381914,-23.3629198835695,1.1,1.1,12.88
-2.4734369854143154,-23.305998788021363,1.1,1.1,12.9
-2.884850014903868,-23.24912956719577,1.1,1.1,12.92
-3.296275660325944,-23.192305581128227,1.1,1.1,12.94
-3.707709937701843,-23.13552002385515,1.1,1.1,12.96
-4.119149112051559,-23.078766255412045,1.1,1.1,12.98
-4.530589448395055,-23.022037386835752,1.1,1.1,13.0
-4.942027128752764,-22.96532686116135,1.1,1.1,13.02
-5.353458418144645,-22.908627789425687,1.1,1.1,13.040000000000001
-5.764879415591579,-22.85193361466384,1.1,1.1,13.06
-6.176286386113541,-22.79523744791264,1.1,1.1,13.08
-6.587675594730505,-22.73853264920761,1.1,1.1,13.1
-6.999043223462893,-22.681812495584698,1.1,1.1,13.120000000000001
-7.410385454331121,-22.625070264079884,1.1,1.1,13.14
-7.821698552355176,-22.56829914872956,1.1,1.1,13.16
-8.232978699555474,-22.51149250956924,1.1,1.1,13.18
-8.64422207795243,-22.45464354063533,1.1,1.1,13.200000000000001
-9.055424952566032,-22.39774551896378,1.1,1.1,13.22
-9.466583588416247,-22.34079172159056,1.1,1.1,13.24
-9.877694001524397,-22.283775508551177,1.1,1.1,13.26
-10.28875262290956,-22.226690073882036,1.1,1.1,13.280000000000001
-10.699755883590823,-22.169528943617767,1.1,1.1,13.3
-11.110716233501618,-22.112298674723306,1.1,1.1,13.32
-11.521669528450133,-22.055024665062792,1.1,1.1,13.34
-11.932653616233951,-21.99773413849061,1.1,1.1,13.36
-12.343706095651967,-21.940454152862067,1.1,1.1,13.38
-12.754864731502185,-21.883211683032854,1.1,1.1,13.4
-13.166167288582622,-21.82603395285739,1.1,1.1,13.42
-13.577651531691274,-21.76894802019092,1.1,1.1,13.44
-13.989355225626156,-21.711980859889167,1.1,1.1,13.46
-14.40131605218573,-21.65515961280698,1.1,1.1,13.48
-14.813571776167988,-21.598511419799177,1.1,1.1,13.5
-15.2261600793714,-21.54206325572151,1.1,1.1,13.52
-15.639118726593958,-21.48584226142876,1.1,1.1,13.540000000000001
-16.052485565633237,-21.429875494776248,1.1,1.1,13.56
-16.46560382100211,-21.373987743701104,1.1,1.1,13.58
-16.87211323671945,-21.31634280902454,1.1,1.1,13.6
-17.266394908838894,-21.25483739899637,1.1,1.1,13.620000000000001
-17.671622562411947,-21.19180554413264,1.1,1.1,13.64
-18.10371592728932,-21.12196731067396,1.1,1.1,13.66
-18.527035492094804,-21.0163497115871,1.1,1.1,13.68
-18.898281882422246,-20.842463981643608,1.1,1.1,13.700000000000001
-19.183192632530112,-20.57723690825437,1.1,1.1,13.72
-19.38648610118146,-20.23820754260884,1.1,1.1,13.74
-19.52338830793743,-19.8538621623435,1.1,1.1,13.76
-19.60910933644437,-19.45069729673729,1.1,1.1,13.780000000000001
-19.65873427301721,-19.039603566539903,1.1,1.1,13.8
-19.68728902528741,-18.624109116880508,1.1,1.1,13.82
-19.70930548752873,-18.207581239748567,1.1,1.1,13.84
-19.731467530991385,-17.791519239124792,1.1,1.1,13.86
-19.75417371954359,-17.375926600990567,1.1,1.1,13.88
-19.77764632599648,-16.96076456455319,1.1,1.1,13.9
-19.80210745716209,-16.545994452019556,1.1,1.1,13.92
-19.827779385851542,-16.131577834595188,1.1,1.1,13.94
-19.854884218876872,-15.717475868487863,1.1,1.1,13.96
-19.88364422904921,-15.303649958903996,1.1,1.1,13.98
-19.914281606180147,-14.890061511050016,1.1,1.1,14.0
-19.947018457081704,-14.476671930132383,1.1,1.1,14.02
-19.982077137564566,-14.063442455358386,1.1,1.1,14.040000000000001
-20.01967967144121,-13.65033449193447,1.1,1.1,14.06
-20.060048331522776,-13.237309528066618,1.1,1.1,14.08
-20.10340530762084,-12.82432871996258,1.1,1.1,14.1
-20.149842314244843,-12.411376131707607,1.1,1.1,14.120000000000001
-20.19892825170061,-11.99852621390349,1.1,1.1,14.14
-20.250100714996258,-11.58587632502948,1.1,1.1,14.16
-20.302797216140323,-11.173523657565742,1.1,1.1,14.18
-20.35645559913961,-10.76156532099286,1.1,1.1,14.200000000000001
-20.410513293003124,-10.350098756789636,1.1,1.1,14.22
-20.464410880722983,-9.93922032744069,1.1,1.1,14.24
-20.518134335374224,-9.528882474200383,1.1,1.1,14.26
-20.572866649629415,-9.11872116101582,1.1,1.1,14.280000000000001
-20.62994967731143,-8.708330686056962,1.1,1.1,14.3
-20.69072510624402,-8.297305015495557,1.1,1.1,14.32
-20.75653470725052,-7.885238364502004,1.1,1.1,14.34
-20.82872016815467,-7.47172486524716,1.1,1.1,14.36
-20.9144525676008,-7.060447955029553,1.1,1.1,14.38
-21.062114836804792,-6.684001891513413,1.1,1.1,14.4
-21.327802557730188,-6.385214362627794,1.1,1.1,14.42
-21.69765555151045,-6.191424260146122,1.1,1.1,14.44
-22.11925951549211,-6.119898811711787,1.1,1.1,14.46
-22.52526338091347,-6.179037489398809,1.1,1.1,14.48
-22.88271474702588,-6.353414825712864,1.1,1.1,14.5
-23.187992260198747,-6.613004154256526,1.1,1.1,14.52
-23.45272274724407,-6.93083169830348,1.1,1.1,14.540000000000001
-23.69155803679413,-7.2806100874560755,1.1,1.1,14.56
-23.91908405583369,-7.636458068144456,1.1,1.1,14.58
-24.148127638756307,-7.983286238076779,1.1,1.1,14.6
-24.38961426612525,-8.317671612561446,1.1,1.1,14.620000000000001
-24.65435645610798,-8.636636582524702,1.1,1.1,14.64
-24.951402820306505,-8.924017399420991,1.1,1.1,14.66
-25.28659080049831,-9.139646677092244,1.1,1.1,14.68
-25.66541737428189,-9.24081093499853,1.1,1.1,14.700000000000001
-26.08859227086116,-9.194002505361134,1.1,1.1,14.72
-26.507969688751867,-9.059665980882178,1.1,1.1,14.74
-26.8725581036906,-8.907297885848081,1.1,1.1,14.76
-27.20624802489501,-8.677945461577345,1.1,1.1,14.780000000000001
-27.54261127880067,-8.408143784656119,1.1,1.1,14.8
-27.906054631863952,-8.224388826499824,1.1,1.1,14.82
-28.29360113900753,-8.113382979232899,1.1,1.1,14.84
-28.695780301885943,-8.033411412974012,1.1,1.1,14.86
-29.1070367112132,-7.973498930425809,1.1,1.1,14.88
-29.52217351578553,-7.925472565302749,1.1,1.1,14.9
-29.937223834820443,-7.882849139281174,1.1,1.1,14.92
-30.351659293144035,-7.843869144772105,1.1,1.1,14.94
-30.765547452394948,-7.807592113805787,1.1,1.1,14.96
-31.17895595721137,-7.773077495412911,1.1,1.1,14.98
-31.591952369231944,-7.739384738624187,1.1,1.1,15.0
-32.004604416094416,-7.705573375469828,1.1,1.1,15.02
-32.41696878649556,-7.670644174294419,1.1,1.1,15.040000000000001
-32.828425473751594,-7.629937291021905,1.1,1.1,15.06
-33.237290499869566,-7.573039850347256,1.1,1.1,15.08
-33.64178684435415,-7.489034422664132,1.1,1.1,15.1
-34.03963749738431,-7.367657365869351,1.1,1.1,15.120000000000001
-34.42395731378639,-7.20467238262141,1.1,1.1,15.14
-34.78537406668927,-6.999096094180099,1.1,1.1,15.16
-35.11315143151796,-6.749495015212634,1.1,1.1,15.18
-35.37132752662054,-6.445367792887248,1.1,1.1,15.200000000000001
-35.5054862660504,-6.070572673540769,1.1,1.1,15.22
-35.52774151801451,-5.649568215352547,1.1,1.1,15.24
-35.49657991568748,-5.2310888526584485,1.1,1.1,15.26
-35.4310354982626,-4.823045024148172,1.1,1.1,15.280000000000001
-35.338990235581875,-4.422003702183822,1.1,1.1,15.3
-35.22773215266408,-4.024881204259009,1.1,1.1,15.32
-35.09984660268103,-3.63136337705402,1.1,1.1,15.34
-34.955682681765545,-3.242452689206968,1.1,1.1,15.36
-34.79557595712277,-2.8591594943138463,1.1,1.1,15.38
-34.61986174695922,-2.4824943949692675,1.1,1.1,15.4
-34.42887578447913,-2.1134678277687176,1.1,1.1,15.42
-34.2229534708886,-1.7530904783064114,1.1,1.1,15.44
-34.00258350757369,-1.4021058566055544,1.1,1.1,15.46
-33.76889153451376,-1.0601490966176847,1.1,1.1,15.48
-33.52316844380424,-0.7265676558330506,1.1,1.1,15.5
-33.2667052935397,-0.4007085767440778,1.1,1.1,15.52
-33.00079280981647,-0.081919316841015,1.1,1.1,15.540000000000001
-32.72672213372869,0.2304530813836804,1.1,1.1,15.56
-32.44578083738955,0.5370575084593335,1.1,1.1,15.58
-32.158546929707484,0.8377484661641571,1.1,1.1,15.6
-31.863997939151343,1.130588246862291,1.1,1.1,15.620000000000001
-31.5608926073602,1.413393879229709,1.1,1.1,15.64
-31.24798942697448,1.6839825579415273,1.1,1.1,15.66
-30.92404697363412,1.9401712286741648,1.1,1.1,15.68
-30.587823822979093,2.179777003103166,1.1,1.1,15.700000000000001
-30.238112497467807,2.400642141769539,1.1,1.1,15.72
-29.87498686670513,2.601560495124593,1.1,1.1,15.74
-29.50016518750071,2.7825470030883963,1.1,1.1,15.76
-29.11547345008792,2.943696700152669,1.1,1.1,15.780000000000001
-28.72273764470015,3.085104703808638,1.1,1.1,15.8
-28.3237837615708,3.206865882548881,1.1,1.1,15.82
-27.92043787393281,3.3090753538646727,1.1,1.1,15.84
-27.514460983367165,3.391942691635039,1.1,1.1,15.860000000000001
-27.10668756741054,3.4573079960179256,1.1,1.1,15.88
-26.697262875286043,3.508225401677789,1.1,1.1,15.9
-26.28631539030644,3.5477776781259123,1.1,1.1,15.92
-25.873973844783208,3.579047843872274,1.1,1.1,15.94
-25.460366805028684,3.605118751427729,1.1,1.1,15.96
-25.04562441434677,3.629053416409227,1.1,1.1,15.98
-24.63010481582188,3.6506387789563486,1.1,1.1,16.0
-24.214646138971133,3.6627771320323697,1.1,1.1,16.02
-23.80014685398893,3.657501763248553,1.1,1.1,16.04
-23.387435877441664,3.6275755263139615,1.1,1.1,16.06
-22.97640315191799,3.57558767537956,1.1,1.1,16.080000000000002
-22.566266240602918,3.5111705579251344,1.1,1.1,16.1
-22.156238971701384,3.443973453339926,1.1,1.1,16.12
-21.745908671420683,3.379178106908533,1.1,1.1,16.14
-21.335309867576104,3.3166077295765133,1.1,1.1,16.16
-20.9245038968396,3.25576872298398,1.1,1.1,16.18
-20.513551680885318,3.196167654770122,1.1,1.1,16.2
-20.10251447338561,3.137311009574592,1.1,1.1,16.22
-19.691453445013323,3.078705106037931,1.1,1.1,16.240000000000002
-19.280427027455914,3.019878008684366,1.1,1.1,16.26
-18.86945970558242,2.9606335895629163,1.1,1.1,16.28
-18.4585523093884,2.9009689436891195,1.1,1.1,16.3
-18.047705004872977,2.840884901058528,1.1,1.1,16.32
-17.636918124034366,2.780382125667598,1.1,1.1,16.34
-17.226191915871233,2.7194615305114525,1.1,1.1,16.36
-16.815526629382255,2.658123945585643,1.1,1.1,16.38
-16.404922596565648,2.596370117886181,1.1,1.1,16.4
-15.994379983420536,2.5342009604081737,1.1,1.1,16.42
-15.583899038945567,2.471617303147188,1.1,1.1,16.44
-15.173480178138538,2.4086198930992206,1.1,1.1,16.46
-14.76312356699856,2.34520964325941,1.1,1.1,16.48
-14.352829454524292,2.2813872176241805,1.1,1.1,16.5
-13.94259808971441,2.217154110185542,1.1,1.1,16.52
-13.532427314580458,2.1525251778640544,1.1,1.1,16.54
-13.122312564146846,2.087531130495424,1.1,1.1,16.56
-12.712248941439768,2.022203507911001,1.1,1.1,16.580000000000002
-12.302231715484533,1.956573766942488,1.1,1.1,16.6
-11.89225607230688,1.89067344742122,1.1,1.1,16.62
-11.48231728093212,1.8245340061789304,1.1,1.1,16.64
-11.072410361386892,1.7581869000473682,1.1,1.1,16.66
-10.662530665696044,1.6916637518573925,1.1,1.1,16.68
-10.252673296885783,1.624995935441213,1.1,1.1,16.7
-9.842833606980973,1.5582149076305625,1.1,1.1,16.72
-9.433006616008228,1.4913523742558394,1.1,1.1,16.740000000000002
-9.023187592992866,1.4244396261497143,1.1,1.1,16.76
-8.613371806960194,1.357508286143031,1.1,1.1,16.78
-8.203554443935959,1.2905898110675216,1.1,1.1,16.8
-7.793730523946787,1.2237157407545225,1.1,1.1,16.82
-7.383895482017108,1.1569174490361958,1.1,1.1,16.84
-6.974044421173112,1.0902264757438769,1.1,1.1,16.86
-6.564172527440535,1.0236744437083931,1.1,1.1,16.88
-6.154275069844696,0.957292726761955,1.1,1.1,16.9
-5.7443471514117865,0.8911128647358657,1.1,1.1,16.92
-5.334383958167544,0.8251663144618587,1.1,1.1,16.94
-4.9243808421368325,0.7594846157712697,1.1,1.1,16.96
-4.51433290634585,0.6940992254958157,1.1,1.1,16.98
-4.104235336820344,0.6290417664663562,1.1,1.1,17.0
-3.694083319586061,0.5643435295155455,1.1,1.1,17.02
-3.2838721236683006,0.5000361374742429,1.1,1.1,17.04
-2.8735972670910463,0.4361487231866214,1.1,1.1,17.06
-2.463258417856061,0.3726841086375719,1.1,1.1,17.080000000000002
-2.052857567952701,0.3096285159008135,1.1,1.1,17.1
-1.6423969583689702,0.2469681670500333,1.1,1.1,17.12
-1.231878747093334,0.1846890351602375,1.1,1.1,17.14
-0.8213050921142505,0.1227772593055741,1.1,1.1,17.16
-0.4106780684206139,0.0612188125610807,1.1,1.1,17.18
